,# Li,HOMO-LUMO gap,EA (eV)
0,-0.4152409331876183,1.7285682655819157,0.446191557218752
1,-0.4152409331876183,0.9716519391512688,0.6903048531951893
2,3.5205209552863286,-0.17619919323806382,1.3381439848249652
3,-0.4152409331876183,1.0964183665848917,-0.830708760196458
4,-0.4152409331876183,0.8468855117176454,-0.5114836808426556
5,-0.4152409331876183,0.6306237041660322,-0.8400977331186289
