,feature,mse,r2
0,None,0.5510781858413601,0.5644310430318309
1,HOMO (eV),0.4516708045944612,0.643002052513076
2,# H,0.43646724285442,0.6550188582939117
3,LUMO (eV),0.39873668878650687,0.6848408663200523
4,No. of Aromatic Rings,0.40819649057771085,0.6773638946213277
5,# B,0.4049045368113799,0.6799658355168814
6,# O,0.39824028353597496,0.6852332221105062
7,# C,0.3914758337191085,0.6905798034612045
8,# Li,0.8222918479806758,0.3500653595976727
9,HOMO-LUMO gap,0.8243784790460141,0.34841609867597767
