,feature,importance
0,HOMO (eV),15.672464720911853
1,# H,17.478837256970067
2,No. of Aromatic Rings,20.338243634668874
3,LUMO (eV),20.628596845682846
4,# B,20.660174063334956
5,# O,20.685882421185177
6,# Li,21.26176840990112
7,# C,22.229397046352755
8,HOMO-LUMO gap,24.801768777025927
9,EA (eV),100.0
