,feature,mse,r2
0,None,0.5585578168800078,0.5585191866497159
1,HOMO (eV),0.44969231728540654,0.6445658372458432
2,# H,0.43539367694307435,0.65586739847615
3,No. of Aromatic Rings,0.4359785764886906,0.6554050973153334
4,LUMO (eV),0.4029448353641363,0.6815147720149606
5,# B,0.4025091703210347,0.6818591191027001
6,# O,0.3966017471547882,0.6865283116292799
7,# Li,0.44003362035447485,0.6522000144932232
8,# C,0.822186751414554,0.3501484273054186
9,HOMO-LUMO gap,0.8243784790460141,0.34841609867597767
