,feature,importance
0,HOMO (eV),14.40591069394018
1,# H,16.504264487473446
2,LUMO (eV),18.72254399606719
3,No. of Aromatic Rings,20.465891014174634
4,# B,20.483124296535127
5,# O,20.680622821377938
6,# C,22.197252365509478
7,# Li,22.485955746765196
8,HOMO-LUMO gap,24.80454207376871
9,EA (eV),100.0
