,feature,importance
0,# H,68.4568852039987
1,LUMO (eV),68.54899514301943
2,No. of Aromatic Rings,69.69991140692787
3,HOMO-LUMO gap,70.29883818072265
4,# O,71.61989101083684
5,# C,71.80101392940098
6,# Li,75.6963440745459
7,HOMO (eV),79.78872688983594
8,# B,82.2343062890295
9,EA (eV),100.0
