,feature,importance
0,# H,57.67057466689064
1,HOMO-LUMO gap,58.37460914491839
2,LUMO (eV),58.53494902866536
3,No. of Aromatic Rings,59.17665983680084
4,HOMO (eV),59.98377256339289
5,# O,60.56426353719545
6,# C,60.710202524477765
7,# B,60.84545131097882
8,# Li,64.65962735337915
9,EA (eV),100.0
