,feature,importance
0,# H,59.38334191815496
1,HOMO-LUMO gap,60.10828562423691
2,LUMO (eV),60.27338746680847
3,No. of Aromatic Rings,60.93415654275738
4,HOMO (eV),61.76523983413347
5,# O,62.36297089849047
6,# C,62.51324415016227
7,# B,62.65250971113853
8,# Li,66.57996355341712
9,EA (eV),100.0
