,HOMO (eV),LUMO (eV),EA (eV),# C,# B,# O,HOMO-LUMO gap,# Li,# H,No. of Aromatic Rings
0,-1.4093205786762881,-0.06163590408898596,0.44619155721875203,-0.770983859748291,-1.1494218591151404,0.7630766884481993,1.7285682655819155,-0.4152409331876183,-1.0651949454290999,-0.6571917593519015
1,-0.6170132848927595,0.18627234482981156,0.6903048531951893,-0.770983859748291,-1.1494218591151404,0.7630766884481993,0.9716519391512688,-0.4152409331876183,-0.7186091273641092,-0.6571917593519015
2,1.3277409816668104,1.5001860640994396,1.3381439848249652,-1.1088220133666375,-1.1494218591151404,0.7630766884481993,-0.17619919323806382,3.520520955286329,-1.7583665815590814,-0.8539881927842017
3,-0.6301092732197603,0.29369925269462416,-0.830708760196458,-0.8554433981528776,-1.1494218591151404,0.7630766884481993,1.0964183665848917,-0.4152409331876183,-1.4117807634940907,-0.8539881927842017
4,-1.383128602022287,-0.904523950412898,-0.5114836808426556,-0.8554433981528776,-1.1494218591151404,1.4504763499428583,0.8468855117176454,-0.4152409331876183,-1.7583665815590814,-0.8539881927842017
5,-1.5009924969652912,-1.2681227154938017,-0.8400977331186289,-0.770983859748291,-1.1494218591151404,2.1378760114375175,0.6306237041660322,-0.4152409331876183,-1.7583665815590814,-0.8539881927842017
