,feature,importance
0,e^(b) x (1 + c)^(1/2) x e^(c),9.364703515106028
1,c x e^(e) x e^(i),12.65725312022806
2,e^(c) x e^(i) x e^(j),12.781666159385072
3,(1 + c)^(1/2) x e^(c) x e^(g),13.484117016634578
4,(1 + c)^(1/2) x e^(c) x e^(i),15.28750205959419
5,(1 + c)^(1/2) x e^(c) x e^(e),17.312208032674338
6,(1 + c)^(1/2) x e^(c) x e^(h),100.0
