,feature,mse,r2
0,None,0.09770237581124602,0.884517070692969
1,e^(b) x (1 + c)^(1/2) x e^(c),0.0739938421621133,0.9125402471269346
2,c x e^(e) x e^(i),0.0645288070672528,0.9237277947139046
3,e^(c) x e^(i) x e^(j),0.06965259143729703,0.9176715486576835
4,(1 + c)^(1/2) x e^(c) x e^(g),0.062186403133660285,0.9264964855018766
5,(1 + c)^(1/2) x e^(c) x e^(i),0.16474195938588623,0.8052771604406347
6,(1 + c)^(1/2) x e^(c) x e^(e),0.10073226608849839,0.8809357800458308
