,feature,mse,r2
0,None,1.4861724163595513,-0.7566363424783202
1,e^(c) x e^(i) x e^(j),0.2653865349594877,0.6863165895272247
2,(1 + c)^(1/2) x e^(c) x e^(e),0.21792430973162008,0.7424163184768388
3,c x e^(e) x e^(i),0.1553609976026774,0.8163653344737329
4,(1 + c)^(1/2) x e^(c) x e^(g),0.5089086337749263,0.39847665637622287
5,(1 + c)^(1/2) x e^(c) x e^(h),1.1811502870135728,-0.39610417826162214
6,(1 + c)^(1/2) x e^(c) x e^(i),0.23407481126046906,0.7233266370761283
