,feature,importance
0,e^(c) x e^(i) x e^(j),11.151668073956685
1,(1 + c)^(1/2) x e^(c) x e^(e),86.64496989201672
2,(1 + c)^(1/2) x e^(c) x e^(h),90.22312562361495
3,(1 + c)^(1/2) x e^(c) x e^(g),91.14305728837678
4,c x e^(e) x e^(i),93.7279740425702
5,(1 + c)^(1/2) x e^(c) x e^(i),94.15162812303231
6,e^(b) x (1 + c)^(1/2) x e^(c),100.0
